Trippie Redd,English,0,0
Shawny Binladen,English,0,0
Dalyb,Slovak,0,0
WHITENER,Russian,0,0
Logic,English,0,0
Salvatore Ganacci,English,0,0
MHG Dell,English,0,0
K$upreme,English,0,0
JEEMBO,Russian,0,0
TELLY GRAVE,Russian,0,0
JRK 19,French,0,0
STIV4TRAP,Russian,0,0
A$AP ANT,English,0,0
Gleb,Slovak,0,0
Big YAYA,English,0,0
YN Jay,English,0,0
nour,Arabic,0,0
Mario,English,0,0
TVETH,Russian,0,0
FOUR50,English,0,0
Big GLTAOW,English,0,0
THOUXANBANFAUNI,English,0,0
Flying Lotus,English,0,0
Bob Marlich,French,0,0
молодой калуга,Russian,0,0
FRIENDLY THUG 52 NGG,Russian,0,0
FENDIGLOCK,Russian,0,0
Boulevard Depo,Russian,0,0
BUSHIDO ZHO,Russian,0,0
VELIAL SQUAD,Russian,0,0
BATO,Russian,0,0
$uicideboy$,English,0,0
Magnum Opus,Russian,0,0
kizaru,Russian,0,0
MellowBite,Russian,0,0
SAPA13,Russian,0,0
ROCKET,Russian,0,0
Carns Hill & Zone 2,English,0,0
GIP,English,0,0
Kwengface,English,0,0
OBLADAET,Russian,0,0
WormGanger,Russian,0,0
PHARAOH,Russian,0,0
163ONMYNECK,Russian,0,0
ShawtyShine,Russian,0,0
Soduh,English,0,0
Xavier Wulf,English,0,0
Le Lij,French,0,0
Carns Hill,English,0,0
Maxo Kream,English,0,0
Jwles,French,0,0
