Trippie Redd,English
Shawny Binladen,English
Dalyb,Slovak
WHITENER,Russian
Logic,English
Salvatore Ganacci,English
MHG Dell,English
K$upreme,English
JEEMBO,Russian
TELLY GRAVE,Russian
JRK 19,French
STIV4TRAP,Russian
A$AP ANT,English
Gleb,Slovak
Big YAYA,English
YN Jay,English
nour,Arabic
Mario,English
TVETH,Russian
FOUR50,English
Big GLTAOW,English
THOUXANBANFAUNI,English
Flying Lotus,English
Bob Marlich,French
молодой калуга,Russian
FRIENDLY THUG 52 NGG,Russian
FENDIGLOCK,Russian
Boulevard Depo,Russian
BUSHIDO ZHO,Russian
VELIAL SQUAD,Russian
BATO,Russian
$uicideboy$,English
Magnum Opus,Russian
kizaru,Russian
MellowBite,Russian
SAPA13,Russian
ROCKET,Russian
Carns Hill & Zone 2,English
GIP,English
Kwengface,English
OBLADAET,Russian
WormGanger,Russian
PHARAOH,Russian
163ONMYNECK,Russian
ShawtyShine,Russian
Soduh,English
Xavier Wulf,English
Le Lij,French
Carns Hill,English
Maxo Kream,English
Jwles,French
