#SDWL ;).m4a,m4a,#SDWL ;),Trippie Redd,Saint Michael V2
Whole Lotta Wickery.mp3,mp3,Whole Lotta Wickery,Shawny Binladen,Merry Wickmas
nikoho.m4a,m4a,nikoho,Dalyb,TEEN(R)AGE
2 the Starz.m4a,m4a,2 the Starz,WHITENER,Pretty Romantic Goon
Vaccine.m4a,m4a,Vaccine,Logic,Bobby Tarantino III
Silk Lining.m4a,m4a,Silk Lining,Salvatore Ganacci,Culturally Appropriate
Hard in da paint (feat. Jay BDz).mp3,mp3,Hard in da paint (feat. Jay BDz),MHG Dell,191
Planet Shark.m4a,m4a,Planet Shark,K$upreme,Me vs. me
0000000.m4a,m4a,0000000,JEEMBO,M.I.A.
Photogenic.mp3,mp3,Photogenic,TELLY GRAVE,Drugstore Cowboy
Navou.m4a,m4a,Navou,JRK 19,#FreeJRK
Feel Like Hect.mp3,mp3,Feel Like Hect,Shawny Binladen,Wickipedia (Deluxe)
PANACEA.flac,flac,PANACEA,STIV4TRAP,STIV COLLECTION
Dior Suit Business.flac,flac,Dior Suit Business,A$AP ANT,Lil Black Jean Jacket 2 (Ruby Edition)
Motorest.flac,flac,Motorest,Gleb,Motorest
The trap was cold.m4a,m4a,The trap was cold,Big YAYA,Grinchin Since A Baby
Not Today (feat. RMC Mike).m4a,m4a,Not Today (feat. RMC Mike),YN Jay,Drake N Josh
outta control - nour & el antably.m4a,m4a,outta control - nour & el antably,nour,daydreamer
So Clean.flac,flac,So Clean,Shawny Binladen,Waiting on Wick
Used To Me.flac,flac,Used To Me,Mario,Used To Me
Raiders.m4a,m4a,Raiders,TVETH,CAPITAL
MUST COME DOWN.flac,flac,MUST COME DOWN,FOUR50,1159 LYFE (SUNSSET EDITION)
LET THAT BEAT DROP.m4a,m4a,LET THAT BEAT DROP,Big GLTAOW,THE NOTORIOUS B.I.GLTAOW
Fake FWM.mp3,mp3,Fake FWM,THOUXANBANFAUNI,The Lost Files
Kurosaka Strikes!.mp3,mp3,Kurosaka Strikes!,Flying Lotus,Yasuke
J'fais mon tour.m4a,m4a,J'fais mon tour,Bob Marlich,J'fais mon tour
Jimmy G Neutron.m4a,m4a,Jimmy G Neutron,FOUR50,Unor4odox
Season.m4a,m4a,Season,молодой калуга,ЛОВУШКА
You Only Live Once.m4a,m4a,You Only Live Once,FRIENDLY THUG 52 NGG,You Only Live Once
My Way.mp3,mp3,My Way,Logic,Bobby Tarantino III
Video Soul.m4a,m4a,Video Soul,Shawny Binladen,Merry Wickmas
Контракты.mp3,mp3,Контракты,FENDIGLOCK,FENDIGLOCK 2
Otritsala (feat. Cold$iemens).mp3,mp3,Otritsala (feat. Cold$iemens),Boulevard Depo,OTRICALA
sweet dreams (Outro).mp3,mp3,sweet dreams (Outro),WHITENER,4ever
What you gon do.mp3,mp3,What you gon do,MHG Dell,191 DELUXE
PAPI.flac,flac,PAPI,BUSHIDO ZHO,PAPI
Начало.flac,flac,Начало,VELIAL SQUAD,CREEPSHOW
Больше.m4a,m4a,Больше,BATO,6lankname
$UICIDEBOY$ x SHAKEWELL - GUTTER BRAVADO (Lyric Video).m4a,m4a,$UICIDEBOY$ x SHAKEWELL - GUTTER BRAVADO (Lyric Video),$uicideboy$,SHAMELESS $UICIDE
Без Компромиссов (feat. TVETH).m4a,m4a,Без Компромиссов (feat. TVETH),Magnum Opus,MUNGAM
Jefe.m4a,m4a,Jefe,kizaru,Тебя любят там где меня нет
Слив информации.m4a,m4a,Слив информации,MellowBite,МАССОВЫЙ СЛИВ ИНФОРМАЦИИ: ОГНЕННЫЙ УДАР КОРОЛЕВСКИМ ХЛЫСТОМ
Психопат-лунатик.m4a,m4a,Психопат-лунатик,kizaru,Karmageddon
chrome heart.opus,opus,chrome heart,K$upreme,Sorry 4 Da Flex 3
Swagish.opus,opus,Swagish,SAPA13,Kendama Bae
WOTLK FREESTYLE.opus,opus,WOTLK FREESTYLE,ROCKET,SKYWALKER
Brilliant One.opus,opus,Brilliant One,Carns Hill & Zone 2,Hillside Zoo
THROWING GLTAOWS (feat. TTM Dawg).m4a,m4a,THROWING GLTAOWS (feat. TTM Dawg),Big GLTAOW,THE NOTORIOUS B.I.GLTAOW
"Visage (feat. Shawny Binladen, Big GLTAOW & Le Lij).m4a",m4a,"GIP - Visage (feat. Shawny Binladen, Big GLTAOW & Le Lij)",GIP,G'S IN PARIS
Slip on a Banana Clip.m4a,m4a,Slip on a Banana Clip,$uicideboy$,DIRTIERNASTIER$UICIDE
Shake.m4a,m4a,Shake,FOUR50,Overhead
Худ.m4a,m4a,Худ,MellowBite,Худ
Runtz _ Oh My.m4a,m4a,Runtz / Oh My,Kwengface,Runtz / Oh My
"Picked up (feat. Shawny Binladen, Big GLTAOW & Le Lij).m4a",m4a,"Picked up (feat. Shawny Binladen, Big GLTAOW & Le Lij)",GIP,G'S IN PARIS
BASIC.m4a,m4a,BASIC,OBLADAET,SPAYLER BLUC ?
У Меня Бабло.m4a,m4a,У Меня Бабло,WormGanger,#АЛОБАБЛО
10_0 фристайл.m4a,m4a,10:0 фристайл,PHARAOH,PHUNERAL
OUT SAD.m4a,m4a,OUT SAD,Thouxanbanfauni,LEAVING LOATHE
GUNZ LIKE HALO.m4a,m4a,GUNZ LIKE HALO,Big GLTAOW,THE NOTORIOUS B.I.GLTAOW
Sinbad.m4a,m4a,Sinbad,Carns Hill & Zone 2,Hillside Zoo
ЖМУРКИ.m4a,m4a,ЖМУРКИ,163ONMYNECK,NO OFFENCE
ДЕТАЛИ.m4a,m4a,ДЕТАЛИ,ShawtyShine,PROTAGONIST
Freddy K.m4a,m4a,Freddy K,Soduh,Top Croc
Make it out.m4a,m4a,Make it out,MHG Dell,191 DELUXE
Madness.mp3,mp3,Madness,Shawny Binladen,Boogie Man Wick
ZNÁMKY ŽIVOTA.m4a,m4a,ZNÁMKY ŽIVOTA,Gleb,BIG BOY FM
Days Are Cold.m4a,m4a,Days Are Cold,Shawny Binladen,Waiting on Wick
Kid Cudi (Remix).mp3,mp3,Kid Cudi (Remix),Xavier Wulf,Kid Cudi (Remix)
-16.mp3,mp3,-16,Le Lij,Super Vilain
Duck Dive & Dasheen (Ddd).m4a,m4a,Duck Dive & Dasheen (Ddd),Carns Hill,Hurt Your Parents Feelings
Spike Lee.m4a,m4a,Spike Lee,Maxo Kream,The Persona Tape
Фрикшоу.m4a,m4a,Фрикшоу,VELIAL SQUAD,VS4DEATH
Legit Check (feat. Big Baby Tape).mp3,mp3,Legit Check,FRIENDLY THUG 52 NGG,Cristoforo Colombo
Tellement.m4a,m4a,Tellement,Jwles,Le Zin & les Autres
Wana.mp3,mp3,Wana,nour,Wana
КОММЕРЦИЯ.m4a,m4a,КОММЕРЦИЯ,163ONMYNECK,NO OFFENCE
