#SDWL ;),Trippie Redd,Saint Michael V2,1700691350.0,1700793536.4524145
Whole Lotta Wickery,Shawny Binladen,Merry Wickmas,1608545466.0,1700451747.350143
nikoho,Dalyb,TEEN(R)AGE,1576080048.0,1673724336.695623
2 the Starz,WHITENER,Pretty Romantic Goon,1599236960.0,1690016506.2018087
Vaccine,Logic,Bobby Tarantino III,1627619953.0,1673765983.059953
Silk Lining,Salvatore Ganacci,Culturally Appropriate,1669791309.0,1675248596.9670942
Hard in da paint (feat. Jay BDz),MHG Dell,191,1686207792.0,1689652353.8903666
Planet Shark,K$upreme,Me vs. me,1667407164.0,1680880216.1948433
0000000,JEEMBO,M.I.A.,1656576834.0,1677206996.8783042
Photogenic,TELLY GRAVE,Drugstore Cowboy,1576260037.0,1695847578.0693576
Navou,JRK 19,#FreeJRK,1700214771.0,1702138200.23026
Feel Like Hect,Shawny Binladen,Wickipedia (Deluxe),1633855275.0,1697387639.003855
PANACEA,STIV4TRAP,STIV COLLECTION,1678984222.0,1708488161.1657684
Dior Suit Business,A$AP ANT,Lil Black Jean Jacket 2 (Ruby Edition),1633113766.0,1673724885.9145434
Motorest,Gleb,Motorest,1572586833.0,1673724514.13149
The trap was cold,Big YAYA,Grinchin Since A Baby,1666060629.0,1700432120.9314616
Not Today (feat. RMC Mike),YN Jay,Drake N Josh,1658425981.0,1673724554.9692235
outta control - nour & el antably,nour,daydreamer,1694585319.0,1699155982.9423258
So Clean,Shawny Binladen,Waiting on Wick,1638387271.0,1697329804.0546875
Used To Me,Mario,Used To Me,1675994621.0,1697077266.7054603
Raiders,TVETH,CAPITAL,1593564674.0,1677208233.3352032
MUST COME DOWN,FOUR50,1159 LYFE (SUNSSET EDITION),1652960611.0,1683308113.1539702
LET THAT BEAT DROP,Big GLTAOW,THE NOTORIOUS B.I.GLTAOW,1703723475.0,1708665529.512472
Fake FWM,THOUXANBANFAUNI,The Lost Files,1596516811.0,1697931484.996486
Kurosaka Strikes!,Flying Lotus,Yasuke,1619774674.0,1694830767.45585
J'fais mon tour,Bob Marlich,J'fais mon tour,1690476646.0,1696296101.380325
Jimmy G Neutron,FOUR50,Unor4odox,1642346267.0,1683307861.9781904
Season,молодой калуга,ЛОВУШКА,1701706246.0,1703560941.7486608
You Only Live Once,FRIENDLY THUG 52 NGG,You Only Live Once,1675070964.0,1688443359.2066798
My Way,Logic,Bobby Tarantino III,1627620140.0,1673765984.6484008
Video Soul,Shawny Binladen,Merry Wickmas,1608545328.0,1700451750.0936582
Контракты,FENDIGLOCK,FENDIGLOCK 2,1649240762.0,1706240317.522464
Otritsala (feat. Cold$iemens),Boulevard Depo,OTRICALA,1599824187.0,1673725102.2008092
sweet dreams (Outro),WHITENER,4ever,1667199098.0,1690016731.2142756
What you gon do,MHG Dell,191 DELUXE,1698276583.0,1698414020.0318725
PAPI,BUSHIDO ZHO,PAPI,1626098854.0,1673724859.6322832
Начало,VELIAL SQUAD,CREEPSHOW,1700148348.0,1700779869.0801983
Больше,BATO,6lankname,1698071029.0,1698371550.939293
$UICIDEBOY$ x SHAKEWELL - GUTTER BRAVADO (Lyric Video),$uicideboy$,SHAMELESS $UICIDE,1677221411.0,1677286961.2693408
Без Компромиссов (feat. TVETH),Magnum Opus,MUNGAM,1601310445.0,1678592509.703123
Jefe,kizaru,Тебя любят там где меня нет,1668518419.0,1673724922.62632
Слив информации,MellowBite,МАССОВЫЙ СЛИВ ИНФОРМАЦИИ: ОГНЕННЫЙ УДАР КОРОЛЕВСКИМ ХЛЫСТОМ,1640590204.0,1673724044.8975904
Психопат-лунатик,kizaru,Karmageddon,1666281048.0,1673725142.2302904
chrome heart,K$upreme,Sorry 4 Da Flex 3,1657819765.0,1680879435.5636897
Swagish,SAPA13,Kendama Bae,1655465839.0,1698499542.497641
WOTLK FREESTYLE,ROCKET,SKYWALKER,1686223618.0,1687208828.126496
Brilliant One,Carns Hill & Zone 2,Hillside Zoo,1613163929.0,1680763295.559659
THROWING GLTAOWS (feat. TTM Dawg),Big GLTAOW,THE NOTORIOUS B.I.GLTAOW,1703723499.0,1708665536.853408
"GIP - Visage (feat. Shawny Binladen, Big GLTAOW & Le Lij)",GIP,G'S IN PARIS,1704424019.0,1704585151.6599555
Slip on a Banana Clip,$uicideboy$,DIRTIERNASTIER$UICIDE,1619288359.0,1673724128.1319046
Shake,FOUR50,Overhead,1635249332.0,1683307451.2148
Худ,MellowBite,Худ,1661212467.0,1673723907.6163518
Runtz / Oh My,Kwengface,Runtz / Oh My,1648141324.0,1673724131.9753437
"Picked up (feat. Shawny Binladen, Big GLTAOW & Le Lij)",GIP,G'S IN PARIS,1704424033.0,1704585231.2298362
BASIC,OBLADAET,SPAYLER BLUC ?,1697798778.0,1697924287.3416743
У Меня Бабло,WormGanger,#АЛОБАБЛО,1660688866.0,1709566465.3846946
10:0 фристайл,PHARAOH,PHUNERAL,1565614455.0,1709223419.128638
OUT SAD,Thouxanbanfauni,LEAVING LOATHE,1694734913.0,1711726003.347761
GUNZ LIKE HALO,Big GLTAOW,THE NOTORIOUS B.I.GLTAOW,1703723531.0,1708665525.044956
Sinbad,Carns Hill & Zone 2,Hillside Zoo,1613164200.0,1680764464.38386
ЖМУРКИ,163ONMYNECK,NO OFFENCE,1644933681.0,1673724225.1101682
ДЕТАЛИ,ShawtyShine,PROTAGONIST,1711646422.0,1712364992.2469902
Freddy K,Soduh,Top Croc,1566627497.0,1677561050.7535322
Make it out,MHG Dell,191 DELUXE,1698276362.0,1698414002.9310894
Madness,Shawny Binladen,Boogie Man Wick,1668263586.0,1697335594.682979
ZNÁMKY ŽIVOTA,Gleb,BIG BOY FM,1655113410.0,1675049394.4285433
Days Are Cold,Shawny Binladen,Waiting on Wick,1638387261.0,1697330879.2257495
Kid Cudi (Remix),Xavier Wulf,Kid Cudi (Remix),1647392189.0,1696544189.419084
-16,Le Lij,Super Vilain,1696967665.0,1698328097.9508965
Duck Dive & Dasheen (Ddd),Carns Hill,Hurt Your Parents Feelings,1591483405.0,1680768041.6106458
Spike Lee,Maxo Kream,The Persona Tape,1665139592.0,1673724443.975603
Фрикшоу,VELIAL SQUAD,VS4DEATH,1581977860.0,1677219149.437149
Legit Check,FRIENDLY THUG 52 NGG,Cristoforo Colombo,1698682222.0,1698983037.0786088
Tellement,Jwles,Le Zin & les Autres,1667243073.0,1696295897.8270676
Wana,nour,Wana,1682084680.0,1713029003.5984633
КОММЕРЦИЯ,163ONMYNECK,NO OFFENCE,1644933698.0,1678330605.4264357
